id,name,email,password,plan,features
1,Aarav,aarav01@sreekaram.in,Sk7101@aar01,Pro,dashboard|onboarding|help|docs|calendar|settings|files|integrations|team|workspace|billing
2,Divya,divya02@sreekaram.in,Sk1976@div02,Pro,dashboard|onboarding|help|docs|calendar|settings|files|integrations|team|workspace|billing
3,Karthik,karthik03@sreekaram.in,Sk9711@kar03,Starter,dashboard|onboarding|help|docs|calendar|settings
4,Sneha,sneha04@sreekaram.in,Sk8424@sne04,Pro,dashboard|onboarding|help|docs|calendar|settings|files|integrations|team|workspace|billing
5,Ravi,ravi05@sreekaram.in,Sk3945@rav05,Starter,dashboard|onboarding|help|docs|calendar|settings
6,Lakshmi,lakshmi06@sreekaram.in,Sk5919@lak06,Business,dashboard|onboarding|help|docs|calendar|settings|files|integrations|team|workspace|billing|users
7,Venkat,venkat07@sreekaram.in,Sk8353@ven07,Starter,dashboard|onboarding|help|docs|calendar|settings
8,Anjali,anjali08@sreekaram.in,Sk9387@anj08,Starter,dashboard|onboarding|help|docs|calendar|settings
9,Suresh,suresh09@sreekaram.in,Sk3490@sur09,Pro,dashboard|onboarding|help|docs|calendar|settings|files|integrations|team|workspace|billing
10,Priya,priya10@sreekaram.in,Sk2271@pri10,Pro,dashboard|onboarding|help|docs|calendar|settings|files|integrations|team|workspace|billing
11,Harsha,harsha11@sreekaram.in,Sk6737@har11,Business,dashboard|onboarding|help|docs|calendar|settings|files|integrations|team|workspace|billing|users
12,Meghana,meghana12@sreekaram.in,Sk2126@meg12,Pro,dashboard|onboarding|help|docs|calendar|settings|files|integrations|team|workspace|billing
13,Naveen,naveen13@sreekaram.in,Sk2064@nav13,Pro,dashboard|onboarding|help|docs|calendar|settings|files|integrations|team|workspace|billing
14,Pooja,pooja14@sreekaram.in,Sk8301@poo14,Starter,dashboard|onboarding|help|docs|calendar|settings
15,Kiran,kiran15@sreekaram.in,Sk1369@kir15,Starter,dashboard|onboarding|help|docs|calendar|settings
16,Swathi,swathi16@sreekaram.in,Sk2918@swa16,Business,dashboard|onboarding|help|docs|calendar|settings|files|integrations|team|workspace|billing|users
17,Arjun,arjun17@sreekaram.in,Sk5709@arj17,Starter,dashboard|onboarding|help|docs|calendar|settings
18,Nikitha,nikitha18@sreekaram.in,Sk7405@nik18,Starter,dashboard|onboarding|help|docs|calendar|settings
19,Rohit,rohit19@sreekaram.in,Sk8359@roh19,Pro,dashboard|onboarding|help|docs|calendar|settings|files|integrations|team|workspace|billing
20,Bhavana,bhavana20@sreekaram.in,Sk8053@bha20,Business,dashboard|onboarding|help|docs|calendar|settings|files|integrations|team|workspace|billing|users
21,Tarun,tarun21@sreekaram.in,Sk6878@tar21,Business,dashboard|onboarding|help|docs|calendar|settings|files|integrations|team|workspace|billing|users
22,Keerthi,keerthi22@sreekaram.in,Sk2359@kee22,Pro,dashboard|onboarding|help|docs|calendar|settings|files|integrations|team|workspace|billing
23,Vamsi,vamsi23@sreekaram.in,Sk4822@vam23,Business,dashboard|onboarding|help|docs|calendar|settings|files|integrations|team|workspace|billing|users
24,Sirisha,sirisha24@sreekaram.in,Sk5304@sir24,Starter,dashboard|onboarding|help|docs|calendar|settings
25,Charan,charan25@sreekaram.in,Sk7864@cha25,Pro,dashboard|onboarding|help|docs|calendar|settings|files|integrations|team|workspace|billing
26,Madhavi,madhavi26@sreekaram.in,Sk6220@mad26,Starter,dashboard|onboarding|help|docs|calendar|settings
27,Sandeep,sandeep27@sreekaram.in,Sk7428@san27,Pro,dashboard|onboarding|help|docs|calendar|settings|files|integrations|team|workspace|billing
28,Pavani,pavani28@sreekaram.in,Sk2696@pav28,Starter,dashboard|onboarding|help|docs|calendar|settings
29,Ajay,ajay29@sreekaram.in,Sk4122@aja29,Business,dashboard|onboarding|help|docs|calendar|settings|files|integrations|team|workspace|billing|users
30,Deepika,deepika30@sreekaram.in,Sk3659@dee30,Starter,dashboard|onboarding|help|docs|calendar|settings
31,Manoj,manoj31@sreekaram.in,Sk2677@man31,Pro,dashboard|onboarding|help|docs|calendar|settings|files|integrations|team|workspace|billing
32,Rekha,rekha32@sreekaram.in,Sk2662@rek32,Starter,dashboard|onboarding|help|docs|calendar|settings
33,Praneeth,praneeth33@sreekaram.in,Sk4407@pra33,Business,dashboard|onboarding|help|docs|calendar|settings|files|integrations|team|workspace|billing|users
34,Sowmya,sowmya34@sreekaram.in,Sk5132@sow34,Pro,dashboard|onboarding|help|docs|calendar|settings|files|integrations|team|workspace|billing
35,Uday,uday35@sreekaram.in,Sk3012@uda35,Pro,dashboard|onboarding|help|docs|calendar|settings|files|integrations|team|workspace|billing
36,Harini,harini36@sreekaram.in,Sk8870@har36,Starter,dashboard|onboarding|help|docs|calendar|settings
37,Varun,varun37@sreekaram.in,Sk3361@var37,Starter,dashboard|onboarding|help|docs|calendar|settings
38,Jyothi,jyothi38@sreekaram.in,Sk8841@jyo38,Starter,dashboard|onboarding|help|docs|calendar|settings
39,Sai,sai39@sreekaram.in,Sk9654@sai39,Pro,dashboard|onboarding|help|docs|calendar|settings|files|integrations|team|workspace|billing
40,Mounika,mounika40@sreekaram.in,Sk1443@mou40,Business,dashboard|onboarding|help|docs|calendar|settings|files|integrations|team|workspace|billing|users
41,Hemanth,hemanth41@sreekaram.in,Sk5278@hem41,Pro,dashboard|onboarding|help|docs|calendar|settings|files|integrations|team|workspace|billing
42,Ramya,ramya42@sreekaram.in,Sk6827@ram42,Pro,dashboard|onboarding|help|docs|calendar|settings|files|integrations|team|workspace|billing
43,Dinesh,dinesh43@sreekaram.in,Sk4197@din43,Starter,dashboard|onboarding|help|docs|calendar|settings
44,Aishwarya,aishwarya44@sreekaram.in,Sk4275@ais44,Pro,dashboard|onboarding|help|docs|calendar|settings|files|integrations|team|workspace|billing
45,Gopi,gopi45@sreekaram.in,Sk1474@gop45,Starter,dashboard|onboarding|help|docs|calendar|settings
46,Chaitanya,chaitanya46@sreekaram.in,Sk5246@cha46,Starter,dashboard|onboarding|help|docs|calendar|settings
47,Teja,teja47@sreekaram.in,Sk6726@tej47,Business,dashboard|onboarding|help|docs|calendar|settings|files|integrations|team|workspace|billing|users
48,Vaishnavi,vaishnavi48@sreekaram.in,Sk2673@vai48,Pro,dashboard|onboarding|help|docs|calendar|settings|files|integrations|team|workspace|billing
49,Mahesh,mahesh49@sreekaram.in,Sk6533@mah49,Starter,dashboard|onboarding|help|docs|calendar|settings
50,Nandini,nandini50@sreekaram.in,Sk8855@nan50,Pro,dashboard|onboarding|help|docs|calendar|settings|files|integrations|team|workspace|billing
